RomName,Console,FileSize,FileType,LocationUrl,DownloadUrl,DateFirstAdded, DateLastUpdated,FlagDownload,PreviouslyDownloaded,Rating,LocalPath,Notes
10-Yard Fight,Nintendo,16 KB,fType,https://vimm.net/vault/3,https://download2.vimm.net/download/?mediaId=3&download=Download,dateF,dateL,False,False,rate,lPath,blah
100 World Story The: The Tales on a Watery Wilderness,Nintendo,122 KB,fType,https://vimm.net/vault/1,https://download2.vimm.net/download/?mediaId=1&download=Download,dateF,dateL,False,False,rate,lPath,blah
1942,Nintendo,25 KB,fType,https://vimm.net/vault/4,https://download2.vimm.net/download/?mediaId=4&download=Download,dateF,dateL,False,False,rate,lPath,blah
1943: The Battle of Midway,Nintendo,79 KB,fType,https://vimm.net/vault/5,https://download2.vimm.net/download/?mediaId=5&download=Download,dateF,dateL,False,False,rate,lPath,blah
3-D Battles of World Runner 2 The,Nintendo,58 KB,fType,https://vimm.net/vault/4401,https://download2.vimm.net/download/?mediaId=3801&download=Download,dateF,dateL,False,False,rate,lPath,blah
3-D WorldRunner,Nintendo,47 KB,fType,https://vimm.net/vault/6,https://download2.vimm.net/download/?mediaId=6&download=Download,dateF,dateL,False,False,rate,lPath,blah
720 Degrees,Nintendo,73 KB,fType,https://vimm.net/vault/8,https://download2.vimm.net/download/?mediaId=7&download=Download,dateF,dateL,False,False,rate,lPath,blah
8 Eyes,Nintendo,91 KB,fType,https://vimm.net/vault/9,https://download2.vimm.net/download/?mediaId=8&download=Download,dateF,dateL,False,False,rate,lPath,blah
Abadox: The Deadly Inner War,Nintendo,132 KB,fType,https://vimm.net/vault/10,https://download2.vimm.net/download/?mediaId=9&download=Download,dateF,dateL,False,False,rate,lPath,blah
Action 52,Nintendo,783 KB,fType,https://vimm.net/vault/12,https://download2.vimm.net/download/?mediaId=10&download=Download,dateF,dateL,False,False,rate,lPath,blah
Baby Boomer,Nintendo,31 KB,fType,https://vimm.net/vault/70,https://download2.vimm.net/download/?mediaId=67&download=Download,dateF,dateL,False,False,rate,lPath,blah
Back to the Future,Nintendo,36 KB,fType,https://vimm.net/vault/72,https://download2.vimm.net/download/?mediaId=69&download=Download,dateF,dateL,False,False,rate,lPath,blah
Back to the Future Part II & III,Nintendo,127 KB,fType,https://vimm.net/vault/71,https://download2.vimm.net/download/?mediaId=68&download=Download,dateF,dateL,False,False,rate,lPath,blah
Cabal,Nintendo,94 KB,fType,https://vimm.net/vault/143,https://download2.vimm.net/download/?mediaId=139&download=Download,dateF,dateL,False,False,rate,lPath,blah
Cadillac,Nintendo,35 KB,fType,https://vimm.net/vault/2872,https://download2.vimm.net/download/?mediaId=2807&download=Download,dateF,dateL,False,False,rate,lPath,blah
Caesar's Palace,Nintendo,144 KB,fType,https://vimm.net/vault/144,https://download2.vimm.net/download/?mediaId=140&download=Download,dateF,dateL,False,False,rate,lPath,blah
California Games,Nintendo,90 KB,fType,https://vimm.net/vault/145,https://download2.vimm.net/download/?mediaId=141&download=Download,dateF,dateL,False,False,rate,lPath,blah
Caltron: 6 in 1,Nintendo,134 KB,fType,https://vimm.net/vault/146,https://download2.vimm.net/download/?mediaId=142&download=Download,dateF,dateL,False,False,rate,lPath,blah
Capcom's Gold Medal Challenge '92,Nintendo,132 KB,fType,https://vimm.net/vault/375,https://download2.vimm.net/download/?mediaId=362&download=Download,dateF,dateL,False,False,rate,lPath,blah
Captain America and the Avengers,Nintendo,145 KB,fType,https://vimm.net/vault/147,https://download2.vimm.net/download/?mediaId=143&download=Download,dateF,dateL,False,False,rate,lPath,blah
Captain Comic: The Adventure,Nintendo,48 KB,fType,https://vimm.net/vault/22,https://download2.vimm.net/download/?mediaId=19&download=Download,dateF,dateL,False,False,rate,lPath,blah
Captain Planet and the Planeteers,Nintendo,133 KB,fType,https://vimm.net/vault/148,https://download2.vimm.net/download/?mediaId=144&download=Download,dateF,dateL,False,False,rate,lPath,blah
Captain Silver,Nintendo,140 KB,fType,https://vimm.net/vault/2874,https://download2.vimm.net/download/?mediaId=2809&download=Download,dateF,dateL,False,False,rate,lPath,blah
Captain Skyhawk,Nintendo,77 KB,fType,https://vimm.net/vault/149,https://download2.vimm.net/download/?mediaId=145&download=Download,dateF,dateL,False,False,rate,lPath,blah
Captain Tsubasa Vol. II: Super Striker,Nintendo,221 KB,fType,https://vimm.net/vault/2876,https://download2.vimm.net/download/?mediaId=2811&download=Download,dateF,dateL,False,False,rate,lPath,blah
Casino Kid,Nintendo,62 KB,fType,https://vimm.net/vault/151,https://download2.vimm.net/download/?mediaId=146&download=Download,dateF,dateL,False,False,rate,lPath,blah
Casino Kid II,Nintendo,68 KB,fType,https://vimm.net/vault/152,https://download2.vimm.net/download/?mediaId=147&download=Download,dateF,dateL,False,False,rate,lPath,blah
Castelian,Nintendo,47 KB,fType,https://vimm.net/vault/153,https://download2.vimm.net/download/?mediaId=148&download=Download,dateF,dateL,False,False,rate,lPath,blah
Castle of Deceit,Nintendo,58 KB,fType,https://vimm.net/vault/154,https://download2.vimm.net/download/?mediaId=149&download=Download,dateF,dateL,False,False,rate,lPath,blah
Castle of Dragon,Nintendo,76 KB,fType,https://vimm.net/vault/155,https://download2.vimm.net/download/?mediaId=150&download=Download,dateF,dateL,False,False,rate,lPath,blah
Castle Quest,Nintendo,108 KB,fType,https://vimm.net/vault/2878,https://download2.vimm.net/download/?mediaId=2813&download=Download,dateF,dateL,False,False,rate,lPath,blah
Castlequest,Nintendo,38 KB,fType,https://vimm.net/vault/156,https://download2.vimm.net/download/?mediaId=151&download=Download,dateF,dateL,False,False,rate,lPath,blah
Castlevania,Nintendo,65 KB,fType,https://vimm.net/vault/157,https://download2.vimm.net/download/?mediaId=152&download=Download,dateF,dateL,False,False,rate,lPath,blah
Cleopatra's Fortune,PlayStation,47.6 MB,fType,https://vimm.net/vault/6338,https://download2.vimm.net/download/?mediaId=6338,dateF,dateL,True,False,rate,lPath,blah
Clock Tower,PlayStation,170 MB,fType,https://vimm.net/vault/6340,https://download2.vimm.net/download/?mediaId=6340,dateF,dateL,True,False,rate,lPath,blah
Clock Tower II: The Struggle Within,PlayStation,92.17 MB,fType,https://vimm.net/vault/6339,https://download2.vimm.net/download/?mediaId=6339,dateF,dateL,True,False,rate,lPath,blah
Clock Tower: The First Fear,PlayStation,51.05 MB,fType,https://vimm.net/vault/6123,https://download2.vimm.net/download/?mediaId=6123,dateF,dateL,True,False,rate,lPath,blah
Spider-Man,Dreamcast,538 MB,fType,https://vimm.net/vault/16948,https://download2.vimm.net/download/?mediaId=16948,dateF,dateL,False,False,rate,lPath,blah
Spirit of Speed 1937,Dreamcast,239 MB,fType,https://vimm.net/vault/16949,https://download2.vimm.net/download/?mediaId=16949,dateF,dateL,False,False,rate,lPath,blah
Sports Jam,Dreamcast,98.47 MB,fType,https://vimm.net/vault/16950,https://download2.vimm.net/download/?mediaId=16950,dateF,dateL,False,False,rate,lPath,blah
Star Wars: Demolition,Dreamcast,652 MB,fType,https://vimm.net/vault/16954,https://download2.vimm.net/download/?mediaId=16954,dateF,dateL,False,False,rate,lPath,blah
Star Wars: Episode 1 - Jedi Power Battles,Dreamcast,346 MB,fType,https://vimm.net/vault/16952,https://download2.vimm.net/download/?mediaId=16952,dateF,dateL,False,False,rate,lPath,blah
Star Wars: Episode 1 - Racer,Dreamcast,313 MB,fType,https://vimm.net/vault/16953,https://download2.vimm.net/download/?mediaId=16953,dateF,dateL,False,False,rate,lPath,blah
